Mon Jun 12 2017 10:44:26 GMT+0530 (IST),SUCCESS,Export successfull.,.csv,export-1497244466381.csv,
Mon Jun 12 2017 10:45:13 GMT+0530 (IST),SUCCESS,Export successfull.,.csv,export-1497244513426.csv,
Mon Jun 12 2017 10:46:07 GMT+0530 (IST),SUCCESS,Export successfull.,.csv,export-1497244567279.csv,
Mon Jun 12 2017 10:46:45 GMT+0530 (IST),SUCCESS,Export successfull.,.json,export-1497244605539.json,
Mon Jun 12 2017 10:48:43 GMT+0530 (IST),SUCCESS,Export successfull.,.csv,export-1497244723136.csv,
Mon Jun 12 2017 10:48:48 GMT+0530 (IST),SUCCESS,Export successfull.,.csv,export-1497244728374.csv,
Mon Jun 12 2017 10:48:50 GMT+0530 (IST),SUCCESS,Export successfull.,.csv,export-1497244730537.csv,
Mon Jun 12 2017 10:49:01 GMT+0530 (IST),SUCCESS,Export successfull.,.csv,export-1497244741511.csv,
Mon Jun 12 2017 10:49:41 GMT+0530 (IST),SUCCESS,Export successfull.,.csv,export-1497244781159.csv,
Mon Jun 12 2017 10:51:28 GMT+0530 (IST),SUCCESS,Export successfull.,.csv,export-1497244888507.csv,
Mon Jun 12 2017 10:51:36 GMT+0530 (IST),SUCCESS,Export successfull.,.csv,export-1497244896929.csv,
Mon Jun 12 2017 10:52:43 GMT+0530 (IST),SUCCESS,Export successfull.,.csv,export-1497244963954.csv,
Mon Jun 12 2017 10:53:39 GMT+0530 (IST),SUCCESS,Export successfull.,.csv,export-1497245019430.csv,
Mon Jun 12 2017 10:53:51 GMT+0530 (IST),SUCCESS,Export successfull.,.json,export-1497245031820.json,
Mon Jun 12 2017 10:56:45 GMT+0530 (IST),SUCCESS,Export successfull.,.json,export-1497245205926.json,
Mon Jun 12 2017 11:02:46 GMT+0530 (IST),SUCCESS,Export successfull.,.json,export-1497245566246.json,
Mon Jun 12 2017 11:03:10 GMT+0530 (IST),SUCCESS,Export successfull.,.json,export-1497245590770.json,
